insert into account
values
('0000242323', 'Paul Pogba', '62927481032'),
('0001153489', 'Alexis Sánchez', '73934127568'),
('0054654841', 'Romelu Lukaku', '17545657195'),
('1324654898', 'Anthony Martial', '77314635404'),
('1968974456', 'Marcus Rashford', '18965138329'),
('2654987415', 'Ashley Young', '01927417139'),
('2874541325', 'Victor Lindelöf', '06873851647');

insert into deposit
values
('d3d9840d3834834da4', '2019-02-09 10:21:41.54500', '0000242323', 200),
('d52ed4625165a4sd4a', '2019-02-09 11:51:56.19445', '0001153489', 200),
('d846841d6584a8s484', '2019-02-09 20:11:16.41545', '0054654841', 300),
('d41524684815447897', '2019-02-09 22:50:56.18440', '1324654898', 75),
('dd5a6dw54da4d1da5w', '2019-02-10 04:44:10.19885', '1968974456', 500),
('d1daw5d6w46a410da3', '2019-02-10 12:51:46.16777', '2654987415', 200),
('d6d54w89d74w81585a', '2019-02-10 16:52:56.54168', '2874541325', 150);

insert into transfer
values
('aaas2190ejdiadd9aj', '2019-03-09 10:21:41.54500', '0000242323', '2654987415', 50),
('0j9d3jd9jd01djacsn', '2019-03-09 11:51:56.19445', '0000242323', '1324654898', 25),
('d01nch08hnj9djaksd', '2019-03-09 20:11:16.41545', '0000242323', '1324654898', 25),
('6465a1d6w1acah5tj1', '2019-03-09 22:50:56.18440', '1324654898', '2654987415', 50),
('kjkjksd2f2d01d25w5', '2019-03-10 04:44:10.19885', '0000242323', '1968974456', 50),
('9dko9ajd90jhd9ojaj', '2019-03-10 12:51:46.16777', '2654987415', '1968974456', 50),
('91jd92jajd92ujaskd', '2019-03-10 16:52:56.54168', '2654987415', '2874541325', 50);